Orig_Ticker,Date,y-value,y-predict,y-predict-original,y-predict-binary,Threshold,Target,Target-Val,Next-Day-Open,Final-Price
NVDA,2025-01-02 00:00:00-05:00,1.0,0.9839086,0.9839086,True,0.7741,Next-Day-Close-To-Next-Day-Open-Ratio,0.0263288115568413,140.00999450683594,143.6962912682808
NVDA,2025-01-03 00:00:00-05:00,0.0,0.98672223,0.98672223,True,0.7741,Next-Day-Close-To-Next-Day-Open-Ratio,0.0263288115568413,148.58999633789062,152.50219435070267
NVDA,2025-01-06 00:00:00-05:00,0.0,1.2042279e-05,1.2042279e-05,False,0.7741,Next-Day-Close-To-Next-Day-Open-Ratio,0.0263288115568413,153.02999877929688,157.0590967797006
NVDA,2025-01-07 00:00:00-05:00,0.0,0.11295108,0.11295108,False,0.7741,Next-Day-Close-To-Next-Day-Open-Ratio,0.0263288115568413,142.5800018310547,146.3339638310386
NVDA,2025-01-08 00:00:00-05:00,0.0,0.0047852173,0.0047852173,False,0.7741,Next-Day-Close-To-Next-Day-Open-Ratio,0.0263288115568413,137.4499969482422,141.06889201638086
NVDA,2025-01-10 00:00:00-05:00,0.0,9.95162e-06,9.95162e-06,False,0.7741,Next-Day-Close-To-Next-Day-Open-Ratio,0.0263288115568413,129.99000549316406,133.41248785206633
NVDA,2025-01-13 00:00:00-05:00,0.0,5.1822102e-05,5.1822102e-05,False,0.7741,Next-Day-Close-To-Next-Day-Open-Ratio,0.0263288115568413,136.0500030517578,139.6320379444152
NVDA,2025-01-14 00:00:00-05:00,0.0,0.89346665,0.89346665,True,0.7741,Next-Day-Close-To-Next-Day-Open-Ratio,0.0263288115568413,133.6300048828125,137.14832409971183
Orig_Ticker,Date,y-value,y-predict,y-predict-original,y-predict-binary,Threshold,Target,Target-Val,Next-Day-Open,Final-Price
NVDA,2025-01-02 00:00:00-05:00,1.0,3.1927225e-06,3.1927225e-06,False,0.8596726059913635,Next-Day-High-To-Next-Day-Open-Ratio,0.0346844921495778,140.00999450683594,144.8661700621707
NVDA,2025-01-03 00:00:00-05:00,0.0,0.9940702,0.9940702,True,0.8596726059913635,Next-Day-High-To-Next-Day-Open-Ratio,0.0346844921495778,148.58999633789062,153.74376489937796
NVDA,2025-01-06 00:00:00-05:00,0.0,3.3330753e-06,3.3330753e-06,False,0.8596726059913635,Next-Day-High-To-Next-Day-Open-Ratio,0.0346844921495778,153.02999877929688,158.33776657060727
NVDA,2025-01-07 00:00:00-05:00,0.0,0.0021449917,0.0021449917,False,0.8596726059913635,Next-Day-High-To-Next-Day-Open-Ratio,0.0346844921495778,142.5800018310547,147.52531678525068
NVDA,2025-01-08 00:00:00-05:00,0.0,0.01449569,0.01449569,False,0.8596726059913635,Next-Day-High-To-Next-Day-Open-Ratio,0.0346844921495778,137.4499969482422,142.21738028835298
NVDA,2025-01-10 00:00:00-05:00,0.0,1.3776125e-08,1.3776125e-08,False,0.8596726059913635,Next-Day-High-To-Next-Day-Open-Ratio,0.0346844921495778,129.99000549316406,134.49864281821527
NVDA,2025-01-13 00:00:00-05:00,0.0,5.4197363e-07,5.4197363e-07,False,0.8596726059913635,Next-Day-High-To-Next-Day-Open-Ratio,0.0346844921495778,136.0500030517578,140.76882831455652
NVDA,2025-01-14 00:00:00-05:00,0.0,0.8152008,0.8152008,False,0.8596726059913635,Next-Day-High-To-Next-Day-Open-Ratio,0.0346844921495778,133.6300048828125,138.26489373811845
Orig_Ticker,Date,y-value,y-predict,y-predict-original,y-predict-binary,Threshold,Target,Target-Val,Next-Day-Open,Final-Price
AMZN,2025-01-02 00:00:00-05:00,0.0,0.026172474,0.026172474,False,0.7426803112030029,Next-Day-High-To-Next-Day-Open-Ratio,0.0188753872101057,222.5099945068359,226.70995681127093
AMZN,2025-01-03 00:00:00-05:00,0.0,0.05157167,0.05157167,False,0.7426803112030029,Next-Day-High-To-Next-Day-Open-Ratio,0.0188753872101057,226.77999877929688,231.06055906776342
AMZN,2025-01-06 00:00:00-05:00,0.0,0.016998613,0.016998613,False,0.7426803112030029,Next-Day-High-To-Next-Day-Open-Ratio,0.0188753872101057,227.8999938964844,232.20169452646127
AMZN,2025-01-07 00:00:00-05:00,0.0,0.29848427,0.29848427,False,0.7426803112030029,Next-Day-High-To-Next-Day-Open-Ratio,0.0188753872101057,223.19000244140625,227.40280015891224
AMZN,2025-01-08 00:00:00-05:00,0.0,0.23652802,0.23652802,False,0.7426803112030029,Next-Day-High-To-Next-Day-Open-Ratio,0.0188753872101057,221.4600067138672,225.64015009214404
AMZN,2025-01-10 00:00:00-05:00,0.0,0.06650892,0.06650892,False,0.7426803112030029,Next-Day-High-To-Next-Day-Open-Ratio,0.0188753872101057,218.05999755859375,222.17596444754693
AMZN,2025-01-13 00:00:00-05:00,0.0,0.36734486,0.36734486,False,0.7426803112030029,Next-Day-High-To-Next-Day-Open-Ratio,0.0188753872101057,220.44000244140625,224.60089284408446
AMZN,2025-01-14 00:00:00-05:00,0.0,0.18842156,0.18842156,False,0.7426803112030029,Next-Day-High-To-Next-Day-Open-Ratio,0.0188753872101057,222.8459930419922,227.05229744888032
Orig_Ticker,Date,y-value,y-predict,y-predict-original,y-predict-binary,Threshold,Target,Target-Val,Next-Day-Open,Final-Price
GOOGL,2025-01-02 00:00:00-05:00,0.0,0.01474972,0.01474972,False,0.8327196836471558,Next-Day-Close-To-Next-Day-Open-Ratio,0.0138778480632006,191.3699951171875,194.02579883327928
GOOGL,2025-01-03 00:00:00-05:00,0.0,0.112004235,0.112004235,False,0.8327196836471558,Next-Day-Close-To-Next-Day-Open-Ratio,0.0138778480632006,193.97999572753903,196.67202063554615
GOOGL,2025-01-06 00:00:00-05:00,0.0,0.28742367,0.28742367,False,0.8327196836471558,Next-Day-Close-To-Next-Day-Open-Ratio,0.0138778480632006,197.11000061035156,199.84546325055942
GOOGL,2025-01-07 00:00:00-05:00,0.0,0.77867985,0.77867985,False,0.8327196836471558,Next-Day-Close-To-Next-Day-Open-Ratio,0.0138778480632006,192.57000732421875,195.2424646273937
GOOGL,2025-01-08 00:00:00-05:00,0.0,0.6372471,0.6372471,False,0.8327196836471558,Next-Day-Close-To-Next-Day-Open-Ratio,0.0138778480632006,194.3000030517578,196.99646897278953
GOOGL,2025-01-10 00:00:00-05:00,0.0,0.16645372,0.16645372,False,0.8327196836471558,Next-Day-Close-To-Next-Day-Open-Ratio,0.0138778480632006,190.07000732421875,192.7077700072357
GOOGL,2025-01-13 00:00:00-05:00,0.0,0.5216897,0.5216897,False,0.8327196836471558,Next-Day-Close-To-Next-Day-Open-Ratio,0.0138778480632006,191.2400054931641,193.8940052330039
GOOGL,2025-01-14 00:00:00-05:00,0.0,0.5664074,0.5664074,False,0.8327196836471558,Next-Day-Close-To-Next-Day-Open-Ratio,0.0138778480632006,192.80999755859375,195.485785409778
Orig_Ticker,Date,y-value,y-predict,y-predict-original,y-predict-binary,Threshold,Target,Target-Val,Next-Day-Open,Final-Price
META,2025-01-02 00:00:00-05:00,0.0,0.086779304,0.086779304,False,0.9328680634498596,Next-Day-Close-To-Next-Day-Open-Ratio,0.0162894263928541,604.760009765625,614.6112034300439
META,2025-01-03 00:00:00-05:00,1.0,0.8769876,0.8769876,False,0.9328680634498596,Next-Day-Close-To-Next-Day-Open-Ratio,0.0162894263928541,611.8300170898438,621.7963771181675
META,2025-01-06 00:00:00-05:00,0.0,0.09822202,0.09822202,False,0.9328680634498596,Next-Day-Close-To-Next-Day-Open-Ratio,0.0162894263928541,631.7000122070312,641.9900430582427
META,2025-01-07 00:00:00-05:00,0.0,0.19125356,0.19125356,False,0.9328680634498596,Next-Day-Close-To-Next-Day-Open-Ratio,0.0162894263928541,613.4000244140625,623.3919589611303
META,2025-01-08 00:00:00-05:00,0.0,0.18893416,0.18893416,False,0.9328680634498596,Next-Day-Close-To-Next-Day-Open-Ratio,0.0162894263928541,610.030029296875,619.9670685565371
META,2025-01-10 00:00:00-05:00,0.0,0.78365433,0.78365433,False,0.9328680634498596,Next-Day-Close-To-Next-Day-Open-Ratio,0.0162894263928541,607.0999755859375,616.9892859513482
META,2025-01-13 00:00:00-05:00,0.0,0.28868356,0.28868356,False,0.9328680634498596,Next-Day-Close-To-Next-Day-Open-Ratio,0.0162894263928541,605.0700073242188,614.9262506710503
META,2025-01-14 00:00:00-05:00,0.0,0.11876347,0.11876347,False,0.9328680634498596,Next-Day-Close-To-Next-Day-Open-Ratio,0.0162894263928541,610.5,620.4446948128375
Orig_Ticker,Date,y-value,y-predict,y-predict-original,y-predict-binary,Threshold,Target,Target-Val,Next-Day-Open,Final-Price
TSLA,2025-01-02 00:00:00-05:00,1.0,0.26856902,0.26856902,False,0.7617600560188293,Next-Day-High-To-Next-Day-Open-Ratio,0.041215194065782,381.4800109863281,397.20278367134625
TSLA,2025-01-03 00:00:00-05:00,0.0,0.4944033,0.4944033,False,0.7617600560188293,Next-Day-High-To-Next-Day-Open-Ratio,0.041215194065782,423.2000122070313,440.6422828387854
TSLA,2025-01-06 00:00:00-05:00,0.0,0.17212935,0.17212935,False,0.7617600560188293,Next-Day-High-To-Next-Day-Open-Ratio,0.041215194065782,405.8299865722656,422.5563482265552
TSLA,2025-01-07 00:00:00-05:00,0.0,0.12306774,0.12306774,False,0.7617600560188293,Next-Day-High-To-Next-Day-Open-Ratio,0.041215194065782,392.9500122070313,409.14552321829547
TSLA,2025-01-08 00:00:00-05:00,0.0,0.49388808,0.49388808,False,0.7617600560188293,Next-Day-High-To-Next-Day-Open-Ratio,0.041215194065782,391.3999938964844,407.53162060227385
TSLA,2025-01-10 00:00:00-05:00,1.0,0.15539324,0.15539324,False,0.7617600560188293,Next-Day-High-To-Next-Day-Open-Ratio,0.041215194065782,383.2099914550781,399.0040656208458
TSLA,2025-01-13 00:00:00-05:00,0.0,0.6781618,0.6781618,False,0.7617600560188293,Next-Day-High-To-Next-Day-Open-Ratio,0.041215194065782,414.3399963378906,431.41709969617216
TSLA,2025-01-14 00:00:00-05:00,1.0,0.5037435,0.5037435,False,0.7617600560188293,Next-Day-High-To-Next-Day-Open-Ratio,0.041215194065782,409.8599853515625,426.75244418762566
Orig_Ticker,Date,y-value,y-predict,y-predict-original,y-predict-binary,Threshold,Target,Target-Val,Next-Day-Open,Final-Price
BRK-B,2025-01-02 00:00:00-05:00,0.0,0.27194262,0.27194262,False,0.6855922937393188,Next-Day-Close-To-Next-Day-Open-Ratio,0.0070038670676597,452.5299987792969,455.6994587348753
BRK-B,2025-01-03 00:00:00-05:00,0.0,0.28021875,0.28021875,False,0.6855922937393188,Next-Day-Close-To-Next-Day-Open-Ratio,0.0070038670676597,453.8500061035156,457.0287112149212
BRK-B,2025-01-06 00:00:00-05:00,0.0,0.42237675,0.42237675,False,0.6855922937393188,Next-Day-Close-To-Next-Day-Open-Ratio,0.0070038670676597,452.7999877929687,455.9713387157086
BRK-B,2025-01-07 00:00:00-05:00,0.0,0.32615152,0.32615152,False,0.6855922937393188,Next-Day-Close-To-Next-Day-Open-Ratio,0.0070038670676597,453.6300048828125,456.8071691349136
BRK-B,2025-01-08 00:00:00-05:00,0.0,0.4402195,0.4402195,False,0.6855922937393188,Next-Day-Close-To-Next-Day-Open-Ratio,0.0070038670676597,452.6600036621094,455.8303741546052
BRK-B,2025-01-10 00:00:00-05:00,0.0,0.31714982,0.31714982,False,0.6855922937393188,Next-Day-Close-To-Next-Day-Open-Ratio,0.0070038670676597,442.0400085449219,445.1359980033577
BRK-B,2025-01-13 00:00:00-05:00,1.0,0.40339714,0.40339714,False,0.6855922937393188,Next-Day-Close-To-Next-Day-Open-Ratio,0.0070038670676597,445.5,448.6202227786424
BRK-B,2025-01-14 00:00:00-05:00,0.0,0.5860166,0.5860166,False,0.6855922937393188,Next-Day-Close-To-Next-Day-Open-Ratio,0.0070038670676597,455.5499877929687,458.7405993501447
Orig_Ticker,Date,y-value,y-predict,y-predict-original,y-predict-binary,Threshold,Target,Target-Val,Next-Day-Open,Final-Price
DASH,2025-01-02 00:00:00-05:00,0.0,0.0024056912,0.0024056912,False,0.6448962092399597,Next-Day-High-To-Next-Day-Open-Ratio,0.0274151569860385,172.60000610351562,177.3318623666347
DASH,2025-01-03 00:00:00-05:00,0.0,0.0010526162,0.0010526162,False,0.6448962092399597,Next-Day-High-To-Next-Day-Open-Ratio,0.0274151569860385,175.0,179.79765247255676
DASH,2025-01-06 00:00:00-05:00,0.0,0.9969957,0.9969957,True,0.6448962092399597,Next-Day-High-To-Next-Day-Open-Ratio,0.0274151569860385,175.9499969482422,180.77369373627127
DASH,2025-01-07 00:00:00-05:00,0.0,0.99862707,0.99862707,True,0.6448962092399597,Next-Day-High-To-Next-Day-Open-Ratio,0.0274151569860385,171.1999969482422,175.8934717405876
DASH,2025-01-08 00:00:00-05:00,0.0,9.888343e-05,9.888343e-05,False,0.6448962092399597,Next-Day-High-To-Next-Day-Open-Ratio,0.0274151569860385,171.89999389648438,176.61265921505557
DASH,2025-01-10 00:00:00-05:00,0.0,2.2931295e-05,2.2931295e-05,False,0.6448962092399597,Next-Day-High-To-Next-Day-Open-Ratio,0.0274151569860385,169.64999389648438,174.30097511183698
DASH,2025-01-13 00:00:00-05:00,0.0,6.7205074e-05,6.7205074e-05,False,0.6448962092399597,Next-Day-High-To-Next-Day-Open-Ratio,0.0274151569860385,170.67999267578125,175.35921146936371
DASH,2025-01-14 00:00:00-05:00,0.0,0.00028619598,0.00028619598,False,0.6448962092399597,Next-Day-High-To-Next-Day-Open-Ratio,0.0274151569860385,173.0,177.7428221585847
Orig_Ticker,Date,y-value,y-predict,y-predict-original,y-predict-binary,Threshold,Target,Target-Val,Next-Day-Open,Final-Price
MA,2025-01-02 00:00:00-05:00,0.0,0.53932416,0.53932416,False,0.6790078282356262,Next-Day-Close-To-Next-Day-Open-Ratio,0.0082462118563212,521.7610344221271,526.0635864503452
MA,2025-01-03 00:00:00-05:00,0.0,0.6188345,0.6188345,False,0.6790078282356262,Next-Day-Close-To-Next-Day-Open-Ratio,0.0082462118563212,520.2032484115567,524.4929546063049
MA,2025-01-06 00:00:00-05:00,0.0,0.6551286,0.6551286,False,0.6790078282356262,Next-Day-Close-To-Next-Day-Open-Ratio,0.0082462118563212,512.9240127026068,517.1536927775468
MA,2025-01-07 00:00:00-05:00,0.0,0.5141869,0.5141869,False,0.6790078282356262,Next-Day-Close-To-Next-Day-Open-Ratio,0.0082462118563212,511.2863851433529,515.5025609944976
MA,2025-01-08 00:00:00-05:00,0.0,0.34686255,0.34686255,False,0.6790078282356262,Next-Day-Close-To-Next-Day-Open-Ratio,0.0082462118563212,512.1199951171875,516.343045092782
MA,2025-01-10 00:00:00-05:00,0.0,0.3495783,0.3495783,False,0.6790078282356262,Next-Day-Close-To-Next-Day-Open-Ratio,0.0082462118563212,501.0,505.1313521400169
MA,2025-01-13 00:00:00-05:00,0.0,0.34556612,0.34556612,False,0.6790078282356262,Next-Day-Close-To-Next-Day-Open-Ratio,0.0082462118563212,507.0700073242187,511.25141403060053
MA,2025-01-14 00:00:00-05:00,1.0,0.32164782,0.32164782,False,0.6790078282356262,Next-Day-Close-To-Next-Day-Open-Ratio,0.0082462118563212,515.5700073242188,519.8215068313793
Orig_Ticker,Date,y-value,y-predict,y-predict-original,y-predict-binary,Threshold,Target,Target-Val,Next-Day-Open,Final-Price
MA,2025-01-02 00:00:00-05:00,0.0,0.5682003,0.5682003,False,0.7191256880760193,Next-Day-High-To-Next-Day-Open-Ratio,0.0117120507644225,521.7610344221271,527.8719261441767
MA,2025-01-03 00:00:00-05:00,0.0,0.730389,0.730389,True,0.7191256880760193,Next-Day-High-To-Next-Day-Open-Ratio,0.0117120507644225,520.2032484115567,526.2958952647705
MA,2025-01-06 00:00:00-05:00,0.0,0.7991614,0.7991614,True,0.7191256880760193,Next-Day-High-To-Next-Day-Open-Ratio,0.0117120507644225,512.9240127026068,518.9314047776711
MA,2025-01-07 00:00:00-05:00,0.0,0.68268883,0.68268883,False,0.7191256880760193,Next-Day-High-To-Next-Day-Open-Ratio,0.0117120507644225,511.2863851433529,517.27459724131
MA,2025-01-08 00:00:00-05:00,0.0,0.4257185,0.4257185,False,0.7191256880760193,Next-Day-High-To-Next-Day-Open-Ratio,0.0117120507644225,512.1199951171875,518.1179704974759
MA,2025-01-10 00:00:00-05:00,0.0,0.72697854,0.72697854,True,0.7191256880760193,Next-Day-High-To-Next-Day-Open-Ratio,0.0117120507644225,501.0,506.86773743297573
MA,2025-01-13 00:00:00-05:00,0.0,0.24316888,0.24316888,False,0.7191256880760193,Next-Day-High-To-Next-Day-Open-Ratio,0.0117120507644225,507.0700073242187,513.0088369911161
MA,2025-01-14 00:00:00-05:00,1.0,0.4877286,0.4877286,False,0.7191256880760193,Next-Day-High-To-Next-Day-Open-Ratio,0.0117120507644225,515.5700073242188,521.6083894226138
Orig_Ticker,Date,y-value,y-predict,y-predict-original,y-predict-binary,Threshold,Target,Target-Val,Next-Day-Open,Final-Price
SPOT,2025-01-02 00:00:00-05:00,0.0,0.5721285,0.5721285,True,0.5529212355613708,Next-Day-Close-To-Next-Day-Open-Ratio,0.0181947036156398,459.9500122070313,468.3186663571482
SPOT,2025-01-03 00:00:00-05:00,0.0,0.40421954,0.40421954,False,0.5529212355613708,Next-Day-Close-To-Next-Day-Open-Ratio,0.0181947036156398,469.44000244140625,477.9813241511529
SPOT,2025-01-06 00:00:00-05:00,0.0,0.40709463,0.40709463,False,0.5529212355613708,Next-Day-Close-To-Next-Day-Open-Ratio,0.0181947036156398,472.0,480.58790010658197
SPOT,2025-01-07 00:00:00-05:00,1.0,0.51033515,0.51033515,False,0.5529212355613708,Next-Day-Close-To-Next-Day-Open-Ratio,0.0181947036156398,462.7099914550781,471.1288626095985
SPOT,2025-01-08 00:00:00-05:00,0.0,0.5653972,0.5653972,True,0.5529212355613708,Next-Day-Close-To-Next-Day-Open-Ratio,0.0181947036156398,476.0,484.66067892104456
SPOT,2025-01-10 00:00:00-05:00,0.0,0.62532747,0.62532747,True,0.5529212355613708,Next-Day-Close-To-Next-Day-Open-Ratio,0.0181947036156398,452.4299926757813,460.6618222993432
SPOT,2025-01-13 00:00:00-05:00,0.0,0.6028119,0.6028119,True,0.5529212355613708,Next-Day-Close-To-Next-Day-Open-Ratio,0.0181947036156398,463.3900146484375,471.8212586234128
SPOT,2025-01-14 00:00:00-05:00,1.0,0.5570873,0.5570873,True,0.5529212355613708,Next-Day-Close-To-Next-Day-Open-Ratio,0.0181947036156398,476.1199951171875,484.7828573138246
Orig_Ticker,Date,y-value,y-predict,y-predict-original,y-predict-binary,Threshold,Target,Target-Val,Next-Day-Open,Final-Price
SPOT,2025-01-02 00:00:00-05:00,1.0,0.61964244,0.61964244,True,0.4802306890487671,Next-Day-High-To-Next-Day-Open-Ratio,0.0271661009028325,459.9500122070313,472.4450606489066
SPOT,2025-01-03 00:00:00-05:00,0.0,0.39993665,0.39993665,False,0.4802306890487671,Next-Day-High-To-Next-Day-Open-Ratio,0.0271661009028325,469.44000244140625,482.19285691555547
SPOT,2025-01-06 00:00:00-05:00,0.0,0.49352196,0.49352196,True,0.4802306890487671,Next-Day-High-To-Next-Day-Open-Ratio,0.0271661009028325,472.0,484.822399626137
SPOT,2025-01-07 00:00:00-05:00,1.0,0.4891968,0.4891968,True,0.4802306890487671,Next-Day-High-To-Next-Day-Open-Ratio,0.0271661009028325,462.7099914550781,475.28001777169555
SPOT,2025-01-08 00:00:00-05:00,0.0,0.4639917,0.4639917,False,0.4802306890487671,Next-Day-High-To-Next-Day-Open-Ratio,0.0271661009028325,476.0,488.9310640297483
SPOT,2025-01-10 00:00:00-05:00,0.0,0.5249798,0.5249798,True,0.4802306890487671,Next-Day-High-To-Next-Day-Open-Ratio,0.0271661009028325,452.4299926757813,464.72075150827936
SPOT,2025-01-13 00:00:00-05:00,0.0,0.56098515,0.56098515,True,0.4802306890487671,Next-Day-High-To-Next-Day-Open-Ratio,0.0271661009028325,463.3900146484375,475.978514543742
SPOT,2025-01-14 00:00:00-05:00,1.0,0.5554549,0.5554549,True,0.4802306890487671,Next-Day-High-To-Next-Day-Open-Ratio,0.0271661009028325,476.1199951171875,489.0543189463972
Orig_Ticker,Date,y-value,y-predict,y-predict-original,y-predict-binary,Threshold,Target,Target-Val,Next-Day-Open,Final-Price
V,2025-01-02 00:00:00-05:00,0.0,0.6249365,0.6249365,True,0.5606976747512817,Next-Day-High-To-Next-Day-Open-Ratio,0.0122217080519179,314.17999267578125,318.0198088220183
V,2025-01-03 00:00:00-05:00,0.0,0.5664596,0.5664596,True,0.5606976747512817,Next-Day-High-To-Next-Day-Open-Ratio,0.0122217080519179,315.010009765625,318.8599701384122
V,2025-01-06 00:00:00-05:00,0.0,0.52856857,0.52856857,False,0.5606976747512817,Next-Day-High-To-Next-Day-Open-Ratio,0.0122217080519179,312.8900146484375,316.714065059831
V,2025-01-07 00:00:00-05:00,0.0,0.50465614,0.50465614,False,0.5606976747512817,Next-Day-High-To-Next-Day-Open-Ratio,0.0122217080519179,311.0,314.80095120414643
V,2025-01-08 00:00:00-05:00,0.0,0.4944996,0.4944996,False,0.5606976747512817,Next-Day-High-To-Next-Day-Open-Ratio,0.0122217080519179,311.20001220703125,315.00340790197885
V,2025-01-10 00:00:00-05:00,0.0,0.50280666,0.50280666,False,0.5606976747512817,Next-Day-High-To-Next-Day-Open-Ratio,0.0122217080519179,305.0,308.72762095583494
V,2025-01-13 00:00:00-05:00,0.0,0.5933738,0.5933738,True,0.5606976747512817,Next-Day-High-To-Next-Day-Open-Ratio,0.0122217080519179,308.75,312.5234523610296
V,2025-01-14 00:00:00-05:00,0.0,0.5678177,0.5678177,True,0.5606976747512817,Next-Day-High-To-Next-Day-Open-Ratio,0.0122217080519179,313.67999267578125,317.51369796799236
Orig_Ticker,Date,y-value,y-predict,y-predict-original,y-predict-binary,Threshold,Target,Target-Val,Next-Day-Open,Final-Price
XOM,2025-01-02 00:00:00-05:00,0.0,0.42374074,0.42374074,False,0.8716590404510498,Next-Day-Close-To-Next-Day-Open-Ratio,0.0106676644637874,108.0,109.15210776208903
XOM,2025-01-03 00:00:00-05:00,0.0,0.32146418,0.32146418,False,0.8716590404510498,Next-Day-Close-To-Next-Day-Open-Ratio,0.0106676644637874,108.23999786376952,109.39466584254127
XOM,2025-01-06 00:00:00-05:00,0.0,0.47540748,0.47540748,False,0.8716590404510498,Next-Day-Close-To-Next-Day-Open-Ratio,0.0106676644637874,108.94000244140624,110.10213783413533
XOM,2025-01-07 00:00:00-05:00,0.0,0.29033366,0.29033366,False,0.8716590404510498,Next-Day-Close-To-Next-Day-Open-Ratio,0.0106676644637874,107.30999755859376,108.45474460615868
XOM,2025-01-08 00:00:00-05:00,0.0,0.33878174,0.33878174,False,0.8716590404510498,Next-Day-Close-To-Next-Day-Open-Ratio,0.0106676644637874,108.6999969482422,109.85957204290075
XOM,2025-01-10 00:00:00-05:00,1.0,0.4960987,0.4960987,False,0.8716590404510498,Next-Day-Close-To-Next-Day-Open-Ratio,0.0106676644637874,107.12999725341795,108.27282411812388
XOM,2025-01-13 00:00:00-05:00,0.0,0.35554647,0.35554647,False,0.8716590404510498,Next-Day-Close-To-Next-Day-Open-Ratio,0.0106676644637874,108.79000091552734,109.9505361423093
XOM,2025-01-14 00:00:00-05:00,1.0,0.37037218,0.37037218,False,0.8716590404510498,Next-Day-Close-To-Next-Day-Open-Ratio,0.0106676644637874,110.0500030517578,111.22397955855271
Orig_Ticker,Date,y-value,y-predict,y-predict-original,y-predict-binary,Threshold,Target,Target-Val,Next-Day-Open,Final-Price
WMT,2025-01-02 00:00:00-05:00,0.0,0.7220174,0.7220174,True,0.5635435581207275,Next-Day-High-To-Next-Day-Open-Ratio,0.0123283731839865,90.1500015258789,91.26140438722689
WMT,2025-01-03 00:00:00-05:00,1.0,0.7974452,0.7974452,True,0.5635435581207275,Next-Day-High-To-Next-Day-Open-Ratio,0.0123283731839865,90.83000183105467,91.94978798993009
WMT,2025-01-06 00:00:00-05:00,0.0,0.4584563,0.4584563,False,0.5635435581207275,Next-Day-High-To-Next-Day-Open-Ratio,0.0123283731839865,91.6999969482422,92.83050873159056
WMT,2025-01-07 00:00:00-05:00,0.0,0.7361887,0.7361887,True,0.5635435581207275,Next-Day-High-To-Next-Day-Open-Ratio,0.0123283731839865,91.11000061035156,92.23323869866921
WMT,2025-01-08 00:00:00-05:00,0.0,0.47900474,0.47900474,False,0.5635435581207275,Next-Day-High-To-Next-Day-Open-Ratio,0.0123283731839865,92.48999786376952,93.63024907322018
WMT,2025-01-10 00:00:00-05:00,0.0,0.47162187,0.47162187,False,0.5635435581207275,Next-Day-High-To-Next-Day-Open-Ratio,0.0123283731839865,92.12000274658205,93.25569251815178
WMT,2025-01-13 00:00:00-05:00,0.0,0.45591927,0.45591927,False,0.5635435581207275,Next-Day-High-To-Next-Day-Open-Ratio,0.0123283731839865,91.86000061035156,92.9924849785572
WMT,2025-01-14 00:00:00-05:00,0.0,0.1860251,0.1860251,False,0.5635435581207275,Next-Day-High-To-Next-Day-Open-Ratio,0.0123283731839865,91.06500244140624,92.18768577550453
Orig_Ticker,Date,y-value,y-predict,y-predict-original,y-predict-binary,Threshold,Target,Target-Val,Next-Day-Open,Final-Price
PG,2025-01-02 00:00:00-05:00,0.0,0.3211054,0.3211054,False,0.8274765610694885,Next-Day-High-To-Next-Day-Open-Ratio,0.0124117081978939,166.25,168.31344648789985
PG,2025-01-03 00:00:00-05:00,0.0,0.23293446,0.23293446,False,0.8274765610694885,Next-Day-High-To-Next-Day-Open-Ratio,0.0124117081978939,162.80999755859375,164.8307477399908
PG,2025-01-06 00:00:00-05:00,0.0,0.12522684,0.12522684,False,0.8274765610694885,Next-Day-High-To-Next-Day-Open-Ratio,0.0124117081978939,161.4600067138672,163.46400120282968
PG,2025-01-07 00:00:00-05:00,0.0,0.6855214,0.6855214,False,0.8274765610694885,Next-Day-High-To-Next-Day-Open-Ratio,0.0124117081978939,160.99000549316406,162.98816646412254
PG,2025-01-08 00:00:00-05:00,0.0,0.30084878,0.30084878,False,0.8274765610694885,Next-Day-High-To-Next-Day-Open-Ratio,0.0124117081978939,160.14999389648438,162.137728888622
PG,2025-01-10 00:00:00-05:00,0.0,0.077627495,0.077627495,False,0.8274765610694885,Next-Day-High-To-Next-Day-Open-Ratio,0.0124117081978939,159.35000610351562,161.32781188060505
PG,2025-01-13 00:00:00-05:00,0.0,0.2536126,0.2536126,False,0.8274765610694885,Next-Day-High-To-Next-Day-Open-Ratio,0.0124117081978939,158.85000610351562,160.82160602650612
PG,2025-01-14 00:00:00-05:00,0.0,0.14474717,0.14474717,False,0.8274765610694885,Next-Day-High-To-Next-Day-Open-Ratio,0.0124117081978939,160.58999633789062,162.58319251193737
