prediction_index,threshold,TPs,FPs,FNs,Precision,Recall,Random-Guess
0,1.0,0,0,161,1.0,0.0,0.5348837209302325
0,0.7752161026000977,0,1,161,0.0,0.0,0.5348837209302325
0,0.7740508317947388,1,1,160,0.5,0.006211180124223602,0.5348837209302325
0,0.7739514708518982,2,1,159,0.6666666666666666,0.012422360248447204,0.5348837209302325
0,0.773041307926178,2,2,159,0.5,0.012422360248447204,0.5348837209302325
0,0.7702561020851135,3,2,158,0.6,0.018633540372670808,0.5348837209302325
0,0.767296314239502,4,2,157,0.6666666666666666,0.024844720496894408,0.5348837209302325
0,0.7654674649238586,4,3,157,0.5714285714285714,0.024844720496894408,0.5348837209302325
0,0.765397846698761,5,3,156,0.625,0.031055900621118012,0.5348837209302325
0,0.7591348886489868,6,3,155,0.6666666666666666,0.037267080745341616,0.5348837209302325
0,0.7579300999641418,7,3,154,0.7,0.043478260869565216,0.5348837209302325
0,0.7495890855789185,7,4,154,0.6363636363636364,0.043478260869565216,0.5348837209302325
0,0.7380216121673584,8,4,153,0.6666666666666666,0.049689440993788817,0.5348837209302325
0,0.7203713059425354,9,4,152,0.6923076923076923,0.055900621118012424,0.5348837209302325
0,0.7107548117637634,10,4,151,0.7142857142857143,0.062111801242236024,0.5348837209302325
0,0.7099580764770508,11,4,150,0.7333333333333333,0.06832298136645963,0.5348837209302325
0,0.7098159790039062,11,5,150,0.6875,0.06832298136645963,0.5348837209302325
0,0.7093802094459534,12,5,149,0.7058823529411765,0.07453416149068323,0.5348837209302325
0,0.7088842391967773,13,5,148,0.7222222222222222,0.08074534161490683,0.5348837209302325
0,0.7071936726570129,13,6,148,0.6842105263157895,0.08074534161490683,0.5348837209302325
0,0.706017017364502,14,6,147,0.7,0.08695652173913043,0.5348837209302325
0,0.7016162276268005,14,7,147,0.6666666666666666,0.08695652173913043,0.5348837209302325
0,0.7010062336921692,14,8,147,0.6363636363636364,0.08695652173913043,0.5348837209302325
0,0.6966983675956726,15,8,146,0.6521739130434783,0.09316770186335403,0.5348837209302325
0,0.694033145904541,16,8,145,0.6666666666666666,0.09937888198757763,0.5348837209302325
0,0.691651463508606,17,8,144,0.68,0.10559006211180125,0.5348837209302325
0,0.690795361995697,17,9,144,0.6538461538461539,0.10559006211180125,0.5348837209302325
0,0.6906285881996155,18,9,143,0.6666666666666666,0.11180124223602485,0.5348837209302325
0,0.688997745513916,19,9,142,0.6785714285714286,0.11801242236024845,0.5348837209302325
0,0.6886070370674133,19,10,142,0.6551724137931034,0.11801242236024845,0.5348837209302325
0,0.688288152217865,19,11,142,0.6333333333333333,0.11801242236024845,0.5348837209302325
0,0.6882359981536865,20,11,141,0.6451612903225806,0.12422360248447205,0.5348837209302325
0,0.6878951787948608,20,12,141,0.625,0.12422360248447205,0.5348837209302325
0,0.6865071654319763,21,12,140,0.6363636363636364,0.13043478260869565,0.5348837209302325
0,0.6860285997390747,21,13,140,0.6176470588235294,0.13043478260869565,0.5348837209302325
0,0.6839210987091064,21,14,140,0.6,0.13043478260869565,0.5348837209302325
0,0.68327796459198,22,14,139,0.6111111111111112,0.13664596273291926,0.5348837209302325
0,0.6812010407447815,22,15,139,0.5945945945945946,0.13664596273291926,0.5348837209302325
0,0.6810101270675659,22,16,139,0.5789473684210527,0.13664596273291926,0.5348837209302325
0,0.6808946132659912,22,17,139,0.5641025641025641,0.13664596273291926,0.5348837209302325
0,0.6796659827232361,23,17,138,0.575,0.14285714285714285,0.5348837209302325
0,0.6794617176055908,24,17,137,0.5853658536585366,0.14906832298136646,0.5348837209302325
0,0.6789266467094421,24,18,137,0.5714285714285714,0.14906832298136646,0.5348837209302325
0,0.6751407384872437,25,18,136,0.5813953488372093,0.15527950310559005,0.5348837209302325
0,0.6743839383125305,25,19,136,0.5681818181818182,0.15527950310559005,0.5348837209302325
0,0.6743592619895935,26,19,135,0.5777777777777777,0.16149068322981366,0.5348837209302325
0,0.6723282337188721,27,19,134,0.5869565217391305,0.16770186335403728,0.5348837209302325
0,0.6715731620788574,27,20,134,0.574468085106383,0.16770186335403728,0.5348837209302325
0,0.670040488243103,28,20,133,0.5833333333333334,0.17391304347826086,0.5348837209302325
0,0.6697187423706055,29,20,132,0.5918367346938775,0.18012422360248448,0.5348837209302325
0,0.6667145490646362,30,20,131,0.6,0.18633540372670807,0.5348837209302325
0,0.6664233207702637,31,20,130,0.6078431372549019,0.19254658385093168,0.5348837209302325
0,0.664470911026001,32,20,129,0.6153846153846154,0.19875776397515527,0.5348837209302325
0,0.6641900539398193,32,21,129,0.6037735849056604,0.19875776397515527,0.5348837209302325
0,0.6601951122283936,32,22,129,0.5925925925925926,0.19875776397515527,0.5348837209302325
0,0.659892737865448,32,23,129,0.5818181818181818,0.19875776397515527,0.5348837209302325
0,0.6584814786911011,32,24,129,0.5714285714285714,0.19875776397515527,0.5348837209302325
0,0.6573439240455627,32,25,129,0.5614035087719298,0.19875776397515527,0.5348837209302325
0,0.6571169495582581,33,25,128,0.5689655172413793,0.20496894409937888,0.5348837209302325
0,0.6568595767021179,33,26,128,0.559322033898305,0.20496894409937888,0.5348837209302325
0,0.656683087348938,34,26,127,0.5666666666666667,0.2111801242236025,0.5348837209302325
0,0.6559680700302124,35,26,126,0.5737704918032787,0.21739130434782608,0.5348837209302325
0,0.6529169678688049,36,26,125,0.5806451612903226,0.2236024844720497,0.5348837209302325
0,0.6518272161483765,37,26,124,0.5873015873015873,0.22981366459627328,0.5348837209302325
0,0.6513841152191162,37,27,124,0.578125,0.22981366459627328,0.5348837209302325
0,0.6513036489486694,38,27,123,0.5846153846153846,0.2360248447204969,0.5348837209302325
0,0.6502267122268677,38,28,123,0.5757575757575758,0.2360248447204969,0.5348837209302325
0,0.6501144170761108,39,28,122,0.582089552238806,0.2422360248447205,0.5348837209302325
0,0.6500410437583923,39,29,122,0.5735294117647058,0.2422360248447205,0.5348837209302325
0,0.6498446464538574,39,30,122,0.5652173913043478,0.2422360248447205,0.5348837209302325
0,0.6496467590332031,40,30,121,0.5714285714285714,0.2484472049689441,0.5348837209302325
0,0.6484594941139221,40,31,121,0.5633802816901409,0.2484472049689441,0.5348837209302325
0,0.6481969952583313,40,32,121,0.5555555555555556,0.2484472049689441,0.5348837209302325
0,0.6477712392807007,41,32,120,0.5616438356164384,0.2546583850931677,0.5348837209302325
0,0.6477543711662292,42,32,119,0.5675675675675675,0.2608695652173913,0.5348837209302325
0,0.6464954614639282,42,33,119,0.56,0.2608695652173913,0.5348837209302325
0,0.6463212966918945,42,34,119,0.5526315789473685,0.2608695652173913,0.5348837209302325
0,0.6458561420440674,42,35,119,0.5454545454545454,0.2608695652173913,0.5348837209302325
0,0.6451278924942017,42,36,119,0.5384615384615384,0.2608695652173913,0.5348837209302325
0,0.6450527906417847,42,37,119,0.5316455696202531,0.2608695652173913,0.5348837209302325
0,0.6439382433891296,42,38,119,0.525,0.2608695652173913,0.5348837209302325
0,0.642701268196106,42,39,119,0.5185185185185185,0.2608695652173913,0.5348837209302325
0,0.6407366394996643,42,40,119,0.5121951219512195,0.2608695652173913,0.5348837209302325
0,0.6401776671409607,42,41,119,0.5060240963855421,0.2608695652173913,0.5348837209302325
0,0.6394888758659363,43,41,118,0.5119047619047619,0.2670807453416149,0.5348837209302325
0,0.6391412019729614,44,41,117,0.5176470588235295,0.2732919254658385,0.5348837209302325
0,0.6367697715759277,44,42,117,0.5116279069767442,0.2732919254658385,0.5348837209302325
0,0.6355507969856262,44,43,117,0.5057471264367817,0.2732919254658385,0.5348837209302325
0,0.6341378688812256,45,43,116,0.5113636363636364,0.2795031055900621,0.5348837209302325
0,0.6275630593299866,45,44,116,0.5056179775280899,0.2795031055900621,0.5348837209302325
0,0.62490314245224,45,45,116,0.5,0.2795031055900621,0.5348837209302325
0,0.6244882941246033,46,45,115,0.5054945054945055,0.2857142857142857,0.5348837209302325
0,0.6210709810256958,47,45,114,0.5108695652173914,0.2919254658385093,0.5348837209302325
0,0.6198561787605286,48,45,113,0.5161290322580645,0.2981366459627329,0.5348837209302325
0,0.6195182800292969,49,45,112,0.5212765957446809,0.30434782608695654,0.5348837209302325
0,0.6184353232383728,49,46,112,0.5157894736842106,0.30434782608695654,0.5348837209302325
0,0.6175470352172852,50,46,111,0.5208333333333334,0.3105590062111801,0.5348837209302325
0,0.6141639947891235,50,47,111,0.5154639175257731,0.3105590062111801,0.5348837209302325
0,0.6119405627250671,51,47,110,0.5204081632653061,0.3167701863354037,0.5348837209302325
0,0.6112290620803833,52,47,109,0.5252525252525253,0.32298136645962733,0.5348837209302325
0,0.6069572567939758,53,47,108,0.53,0.32919254658385094,0.5348837209302325
0,0.6048341393470764,54,47,107,0.5346534653465347,0.33540372670807456,0.5348837209302325
0,0.6047427654266357,54,48,107,0.5294117647058824,0.33540372670807456,0.5348837209302325
0,0.6045144200325012,55,48,106,0.5339805825242718,0.3416149068322981,0.5348837209302325
0,0.604151725769043,55,49,106,0.5288461538461539,0.3416149068322981,0.5348837209302325
0,0.604045033454895,55,50,106,0.5238095238095238,0.3416149068322981,0.5348837209302325
0,0.6029862761497498,56,50,105,0.5283018867924528,0.34782608695652173,0.5348837209302325
0,0.602057158946991,56,51,105,0.5233644859813084,0.34782608695652173,0.5348837209302325
0,0.5995767712593079,56,52,105,0.5185185185185185,0.34782608695652173,0.5348837209302325
0,0.5995690822601318,56,53,105,0.5137614678899083,0.34782608695652173,0.5348837209302325
0,0.5989330410957336,56,54,105,0.509090909090909,0.34782608695652173,0.5348837209302325
0,0.598353385925293,57,54,104,0.5135135135135135,0.35403726708074534,0.5348837209302325
0,0.5971440076828003,58,54,103,0.5178571428571429,0.36024844720496896,0.5348837209302325
0,0.5958508253097534,58,55,103,0.5132743362831859,0.36024844720496896,0.5348837209302325
0,0.5948581695556641,58,56,103,0.5087719298245614,0.36024844720496896,0.5348837209302325
0,0.5948283076286316,58,57,103,0.5043478260869565,0.36024844720496896,0.5348837209302325
0,0.5936316847801208,59,57,102,0.5086206896551724,0.36645962732919257,0.5348837209302325
0,0.5933927297592163,59,58,102,0.5042735042735043,0.36645962732919257,0.5348837209302325
0,0.5928529500961304,59,59,102,0.5,0.36645962732919257,0.5348837209302325
0,0.5927013158798218,60,59,101,0.5042016806722689,0.37267080745341613,0.5348837209302325
0,0.5922319889068604,61,59,100,0.5083333333333333,0.37888198757763975,0.5348837209302325
0,0.5922318696975708,62,59,99,0.512396694214876,0.38509316770186336,0.5348837209302325
0,0.5921085476875305,63,59,98,0.5163934426229508,0.391304347826087,0.5348837209302325
0,0.5920524597167969,64,59,97,0.5203252032520326,0.39751552795031053,0.5348837209302325
0,0.5920354723930359,64,60,97,0.5161290322580645,0.39751552795031053,0.5348837209302325
0,0.5917795300483704,65,60,96,0.52,0.40372670807453415,0.5348837209302325
0,0.591667652130127,65,61,96,0.5158730158730159,0.40372670807453415,0.5348837209302325
0,0.5912209153175354,66,61,95,0.5196850393700787,0.40993788819875776,0.5348837209302325
0,0.590883195400238,67,61,94,0.5234375,0.4161490683229814,0.5348837209302325
0,0.5908722281455994,68,61,93,0.5271317829457365,0.422360248447205,0.5348837209302325
0,0.5906286835670471,69,61,92,0.5307692307692308,0.42857142857142855,0.5348837209302325
0,0.5904275178909302,69,62,92,0.5267175572519084,0.42857142857142855,0.5348837209302325
0,0.5901114344596863,69,63,92,0.5227272727272727,0.42857142857142855,0.5348837209302325
0,0.5896495580673218,69,64,92,0.518796992481203,0.42857142857142855,0.5348837209302325
0,0.589569628238678,69,65,92,0.5149253731343284,0.42857142857142855,0.5348837209302325
0,0.5894548296928406,69,66,92,0.5111111111111111,0.42857142857142855,0.5348837209302325
0,0.5892218351364136,69,67,92,0.5073529411764706,0.42857142857142855,0.5348837209302325
0,0.5891814827919006,70,67,91,0.5109489051094891,0.43478260869565216,0.5348837209302325
0,0.5889710783958435,71,67,90,0.5144927536231884,0.4409937888198758,0.5348837209302325
0,0.5889401435852051,72,67,89,0.5179856115107914,0.4472049689440994,0.5348837209302325
0,0.5889289379119873,72,68,89,0.5142857142857142,0.4472049689440994,0.5348837209302325
0,0.5886920094490051,73,68,88,0.5177304964539007,0.453416149068323,0.5348837209302325
0,0.5880738496780396,74,68,87,0.5211267605633803,0.45962732919254656,0.5348837209302325
0,0.5872358679771423,75,68,86,0.5244755244755245,0.4658385093167702,0.5348837209302325
0,0.5871996879577637,75,69,86,0.5208333333333334,0.4658385093167702,0.5348837209302325
0,0.5864539742469788,75,70,86,0.5172413793103449,0.4658385093167702,0.5348837209302325
0,0.5860057473182678,75,71,86,0.5136986301369864,0.4658385093167702,0.5348837209302325
0,0.5859394073486328,76,71,85,0.5170068027210885,0.4720496894409938,0.5348837209302325
0,0.5859048366546631,77,71,84,0.5202702702702703,0.4782608695652174,0.5348837209302325
0,0.5849008560180664,77,72,84,0.5167785234899329,0.4782608695652174,0.5348837209302325
0,0.583336353302002,78,72,83,0.52,0.484472049689441,0.5348837209302325
0,0.5830649733543396,79,72,82,0.5231788079470199,0.4906832298136646,0.5348837209302325
0,0.5829150676727295,80,72,81,0.5263157894736842,0.4968944099378882,0.5348837209302325
0,0.5824557542800903,81,72,80,0.5294117647058824,0.5031055900621118,0.5348837209302325
0,0.5817540884017944,82,72,79,0.5324675324675324,0.5093167701863354,0.5348837209302325
0,0.5810107588768005,82,73,79,0.5290322580645161,0.5093167701863354,0.5348837209302325
0,0.5809714198112488,83,73,78,0.532051282051282,0.515527950310559,0.5348837209302325
0,0.5809176564216614,84,73,77,0.535031847133758,0.5217391304347826,0.5348837209302325
0,0.579452395439148,84,74,77,0.5316455696202531,0.5217391304347826,0.5348837209302325
0,0.5791435241699219,85,74,76,0.5345911949685535,0.5279503105590062,0.5348837209302325
0,0.5790218710899353,86,74,75,0.5375,0.5341614906832298,0.5348837209302325
0,0.5785056948661804,86,75,75,0.5341614906832298,0.5341614906832298,0.5348837209302325
0,0.5779727697372437,87,75,74,0.5370370370370371,0.5403726708074534,0.5348837209302325
0,0.5777783393859863,88,75,73,0.5398773006134969,0.546583850931677,0.5348837209302325
0,0.5768054127693176,89,75,72,0.5426829268292683,0.5527950310559007,0.5348837209302325
0,0.5767913460731506,90,75,71,0.5454545454545454,0.5590062111801242,0.5348837209302325
0,0.5767807960510254,91,75,70,0.5481927710843374,0.5652173913043478,0.5348837209302325
0,0.5759685039520264,91,76,70,0.5449101796407185,0.5652173913043478,0.5348837209302325
0,0.5758567452430725,92,76,69,0.5476190476190477,0.5714285714285714,0.5348837209302325
0,0.5740400552749634,92,77,69,0.5443786982248521,0.5714285714285714,0.5348837209302325
0,0.5734593272209167,93,77,68,0.5470588235294118,0.577639751552795,0.5348837209302325
0,0.5727494955062866,93,78,68,0.543859649122807,0.577639751552795,0.5348837209302325
0,0.5726225972175598,94,78,67,0.5465116279069767,0.5838509316770186,0.5348837209302325
0,0.5710071921348572,95,78,66,0.5491329479768786,0.5900621118012422,0.5348837209302325
0,0.5700702667236328,95,79,66,0.5459770114942529,0.5900621118012422,0.5348837209302325
0,0.5695217847824097,96,79,65,0.5485714285714286,0.5962732919254659,0.5348837209302325
0,0.5673933625221252,97,79,64,0.5511363636363636,0.6024844720496895,0.5348837209302325
0,0.5672333240509033,97,80,64,0.5480225988700564,0.6024844720496895,0.5348837209302325
0,0.5670867562294006,98,80,63,0.550561797752809,0.6086956521739131,0.5348837209302325
0,0.566902756690979,99,80,62,0.553072625698324,0.6149068322981367,0.5348837209302325
0,0.5663999319076538,100,80,61,0.5555555555555556,0.6211180124223602,0.5348837209302325
0,0.5648950338363647,101,80,60,0.5580110497237569,0.6273291925465838,0.5348837209302325
0,0.5643365383148193,101,81,60,0.554945054945055,0.6273291925465838,0.5348837209302325
0,0.5624736547470093,101,82,60,0.5519125683060109,0.6273291925465838,0.5348837209302325
0,0.5621103048324585,102,82,59,0.5543478260869565,0.6335403726708074,0.5348837209302325
0,0.5616840124130249,103,82,58,0.5567567567567567,0.639751552795031,0.5348837209302325
0,0.5608344078063965,104,82,57,0.5591397849462365,0.6459627329192547,0.5348837209302325
0,0.5594900250434875,105,82,56,0.5614973262032086,0.6521739130434783,0.5348837209302325
0,0.5580298900604248,105,83,56,0.5585106382978723,0.6521739130434783,0.5348837209302325
0,0.5576390027999878,105,84,56,0.5555555555555556,0.6521739130434783,0.5348837209302325
0,0.5552724003791809,106,84,55,0.5578947368421052,0.6583850931677019,0.5348837209302325
0,0.5550985932350159,107,84,54,0.5602094240837696,0.6645962732919255,0.5348837209302325
0,0.5538231730461121,107,85,54,0.5572916666666666,0.6645962732919255,0.5348837209302325
0,0.5527441501617432,108,85,53,0.5595854922279793,0.6708074534161491,0.5348837209302325
0,0.5523927211761475,109,85,52,0.5618556701030928,0.6770186335403726,0.5348837209302325
0,0.5518041849136353,110,85,51,0.5641025641025641,0.6832298136645962,0.5348837209302325
0,0.5513424277305603,111,85,50,0.5663265306122449,0.6894409937888198,0.5348837209302325
0,0.5503472685813904,111,86,50,0.5634517766497462,0.6894409937888198,0.5348837209302325
0,0.5502824783325195,112,86,49,0.5656565656565656,0.6956521739130435,0.5348837209302325
0,0.5495976805686951,112,87,49,0.5628140703517588,0.6956521739130435,0.5348837209302325
0,0.5495165586471558,113,87,48,0.565,0.7018633540372671,0.5348837209302325
0,0.5485586524009705,114,87,47,0.5671641791044776,0.7080745341614907,0.5348837209302325
0,0.5480275750160217,115,87,46,0.5693069306930693,0.7142857142857143,0.5348837209302325
0,0.5479579567909241,116,87,45,0.5714285714285714,0.7204968944099379,0.5348837209302325
0,0.5478560328483582,117,87,44,0.5735294117647058,0.7267080745341615,0.5348837209302325
0,0.5478379130363464,117,88,44,0.5707317073170731,0.7267080745341615,0.5348837209302325
0,0.5478004813194275,118,88,43,0.5728155339805825,0.7329192546583851,0.5348837209302325
0,0.547511637210846,119,88,42,0.5748792270531401,0.7391304347826086,0.5348837209302325
0,0.5472536087036133,120,88,41,0.5769230769230769,0.7453416149068323,0.5348837209302325
0,0.5463845133781433,120,89,41,0.5741626794258373,0.7453416149068323,0.5348837209302325
0,0.546309769153595,120,90,41,0.5714285714285714,0.7453416149068323,0.5348837209302325
0,0.546294629573822,121,90,40,0.5734597156398105,0.7515527950310559,0.5348837209302325
0,0.5458319187164307,121,91,40,0.5707547169811321,0.7515527950310559,0.5348837209302325
0,0.5448900461196899,122,91,39,0.5727699530516432,0.7577639751552795,0.5348837209302325
0,0.5444122552871704,122,92,39,0.5700934579439252,0.7577639751552795,0.5348837209302325
0,0.5436716079711914,122,93,39,0.5674418604651162,0.7577639751552795,0.5348837209302325
0,0.5432696342468262,122,94,39,0.5648148148148148,0.7577639751552795,0.5348837209302325
0,0.5429924130439758,122,95,39,0.5622119815668203,0.7577639751552795,0.5348837209302325
0,0.5428086519241333,123,95,38,0.5642201834862385,0.7639751552795031,0.5348837209302325
0,0.5420424938201904,124,95,37,0.5662100456621004,0.7701863354037267,0.5348837209302325
0,0.541879415512085,124,96,37,0.5636363636363636,0.7701863354037267,0.5348837209302325
0,0.5418651103973389,125,96,36,0.5656108597285068,0.7763975155279503,0.5348837209302325
0,0.5408676266670227,125,97,36,0.5630630630630631,0.7763975155279503,0.5348837209302325
0,0.5407146215438843,126,97,35,0.5650224215246636,0.782608695652174,0.5348837209302325
0,0.5405483841896057,127,97,34,0.5669642857142857,0.7888198757763976,0.5348837209302325
0,0.5402681231498718,127,98,34,0.5644444444444444,0.7888198757763976,0.5348837209302325
0,0.540107011795044,127,99,34,0.5619469026548672,0.7888198757763976,0.5348837209302325
0,0.5399948954582214,128,99,33,0.5638766519823789,0.7950310559006211,0.5348837209302325
0,0.5389832258224487,129,99,32,0.5657894736842105,0.8012422360248447,0.5348837209302325
0,0.538487434387207,129,100,32,0.5633187772925764,0.8012422360248447,0.5348837209302325
0,0.5379469394683838,129,101,32,0.5608695652173913,0.8012422360248447,0.5348837209302325
0,0.5375863909721375,130,101,31,0.5627705627705628,0.8074534161490683,0.5348837209302325
0,0.5373604893684387,131,101,30,0.5646551724137931,0.8136645962732919,0.5348837209302325
0,0.5371935963630676,132,101,29,0.5665236051502146,0.8198757763975155,0.5348837209302325
0,0.5368974208831787,133,101,28,0.5683760683760684,0.8260869565217391,0.5348837209302325
0,0.5363642573356628,133,102,28,0.5659574468085107,0.8260869565217391,0.5348837209302325
0,0.5358903408050537,133,103,28,0.5635593220338984,0.8260869565217391,0.5348837209302325
0,0.5358708500862122,133,104,28,0.5611814345991561,0.8260869565217391,0.5348837209302325
0,0.535851001739502,133,105,28,0.5588235294117647,0.8260869565217391,0.5348837209302325
0,0.5348748564720154,133,106,28,0.5564853556485355,0.8260869565217391,0.5348837209302325
0,0.5336029529571533,133,107,28,0.5541666666666667,0.8260869565217391,0.5348837209302325
0,0.533539891242981,134,107,27,0.5560165975103735,0.8322981366459627,0.5348837209302325
0,0.5331767797470093,135,107,26,0.5578512396694215,0.8385093167701864,0.5348837209302325
0,0.5329731106758118,135,108,26,0.5555555555555556,0.8385093167701864,0.5348837209302325
0,0.5329498052597046,135,109,26,0.5532786885245902,0.8385093167701864,0.5348837209302325
0,0.5329017043113708,136,109,25,0.5551020408163265,0.84472049689441,0.5348837209302325
0,0.5328798890113831,136,110,25,0.5528455284552846,0.84472049689441,0.5348837209302325
0,0.5327935218811035,136,111,25,0.5506072874493927,0.84472049689441,0.5348837209302325
0,0.5322890281677246,137,111,24,0.5524193548387096,0.8509316770186336,0.5348837209302325
0,0.5321292281150818,137,112,24,0.5502008032128514,0.8509316770186336,0.5348837209302325
0,0.5320886969566345,137,113,24,0.548,0.8509316770186336,0.5348837209302325
0,0.5320598483085632,137,114,24,0.545816733067729,0.8509316770186336,0.5348837209302325
0,0.5320004224777222,138,114,23,0.5476190476190477,0.8571428571428571,0.5348837209302325
0,0.5319872498512268,138,115,23,0.5454545454545454,0.8571428571428571,0.5348837209302325
0,0.5319540500640869,138,116,23,0.5433070866141733,0.8571428571428571,0.5348837209302325
0,0.5318524837493896,138,117,23,0.5411764705882353,0.8571428571428571,0.5348837209302325
0,0.531620979309082,139,117,22,0.54296875,0.8633540372670807,0.5348837209302325
0,0.5315480828285217,139,118,22,0.5408560311284046,0.8633540372670807,0.5348837209302325
0,0.5314875841140747,139,119,22,0.5387596899224806,0.8633540372670807,0.5348837209302325
0,0.5314584374427795,140,119,21,0.5405405405405406,0.8695652173913043,0.5348837209302325
0,0.5313437581062317,141,119,20,0.5423076923076923,0.8757763975155279,0.5348837209302325
0,0.531322717666626,142,119,19,0.5440613026819924,0.8819875776397516,0.5348837209302325
0,0.5312755703926086,143,119,18,0.5458015267175572,0.8881987577639752,0.5348837209302325
0,0.5311546325683594,143,120,18,0.5437262357414449,0.8881987577639752,0.5348837209302325
0,0.5311123728752136,144,120,17,0.5454545454545454,0.8944099378881988,0.5348837209302325
0,0.531071662902832,144,121,17,0.5433962264150943,0.8944099378881988,0.5348837209302325
0,0.5309545397758484,145,121,16,0.5451127819548872,0.9006211180124224,0.5348837209302325
0,0.5308326482772827,145,122,16,0.5430711610486891,0.9006211180124224,0.5348837209302325
0,0.5306521058082581,145,123,16,0.5410447761194029,0.9006211180124224,0.5348837209302325
0,0.5305989384651184,146,123,15,0.5427509293680297,0.906832298136646,0.5348837209302325
0,0.530598521232605,146,124,15,0.5407407407407407,0.906832298136646,0.5348837209302325
0,0.5304657816886902,147,124,14,0.5424354243542435,0.9130434782608695,0.5348837209302325
0,0.5304356813430786,147,125,14,0.5404411764705882,0.9130434782608695,0.5348837209302325
0,0.5304345488548279,148,125,13,0.5421245421245421,0.9192546583850931,0.5348837209302325
0,0.5303434729576111,149,125,12,0.5437956204379562,0.9254658385093167,0.5348837209302325
0,0.530303955078125,150,125,11,0.5454545454545454,0.9316770186335404,0.5348837209302325
0,0.5301910042762756,150,126,11,0.5434782608695652,0.9316770186335404,0.5348837209302325
0,0.5300567746162415,150,127,11,0.5415162454873647,0.9316770186335404,0.5348837209302325
0,0.5299047231674194,150,128,11,0.539568345323741,0.9316770186335404,0.5348837209302325
0,0.5298980474472046,151,128,10,0.5412186379928315,0.937888198757764,0.5348837209302325
0,0.529656708240509,151,129,10,0.5392857142857143,0.937888198757764,0.5348837209302325
0,0.5294194221496582,152,129,9,0.5409252669039146,0.9440993788819876,0.5348837209302325
0,0.5292735695838928,152,130,9,0.5390070921985816,0.9440993788819876,0.5348837209302325
0,0.5291221141815186,152,131,9,0.5371024734982333,0.9440993788819876,0.5348837209302325
0,0.5286011099815369,152,132,9,0.5352112676056338,0.9440993788819876,0.5348837209302325
0,0.5283867120742798,152,133,9,0.5333333333333333,0.9440993788819876,0.5348837209302325
0,0.5283572673797607,152,134,9,0.5314685314685315,0.9440993788819876,0.5348837209302325
0,0.5280880331993103,153,134,8,0.5331010452961672,0.9503105590062112,0.5348837209302325
0,0.5279300808906555,154,134,7,0.5347222222222222,0.9565217391304348,0.5348837209302325
0,0.5277217030525208,154,135,7,0.532871972318339,0.9565217391304348,0.5348837209302325
0,0.5275545716285706,155,135,6,0.5344827586206896,0.9627329192546584,0.5348837209302325
0,0.5275430083274841,156,135,5,0.5360824742268041,0.968944099378882,0.5348837209302325
0,0.5270874500274658,156,136,5,0.5342465753424658,0.968944099378882,0.5348837209302325
0,0.5268427729606628,157,136,4,0.5358361774744027,0.9751552795031055,0.5348837209302325
0,0.5264984369277954,157,137,4,0.5340136054421769,0.9751552795031055,0.5348837209302325
0,0.5262523293495178,158,137,3,0.535593220338983,0.9813664596273292,0.5348837209302325
0,0.525429368019104,159,137,2,0.5371621621621622,0.9875776397515528,0.5348837209302325
0,0.5253270268440247,160,137,1,0.5387205387205387,0.9937888198757764,0.5348837209302325
0,0.5249904990196228,161,137,0,0.540268456375839,1.0,0.5348837209302325
0,0.5246495008468628,161,138,0,0.5384615384615384,1.0,0.5348837209302325
0,0.5240609049797058,161,139,0,0.5366666666666666,1.0,0.5348837209302325
0,0.5234160423278809,161,140,0,0.5348837209302325,1.0,0.5348837209302325
